"X","congress","chamber","icpsr","state_icpsr","district_code","state_abbrev","party_code","occupancy","last_means","bioname","bioguide_id","born","died","nominate_dim1","nominate_dim2","nominate_log_likelihood","nominate_geo_mean_probability","nominate_number_of_votes","nominate_number_of_errors","conditional","nokken_poole_dim1","nokken_poole_dim2"
0,118,"House",20301,41,3,"AL",200,NA,NA,"ROGERS, Mike Dennis","R000575",1958,NA,0.379,0.38,-156.79628,0.85447,997,78,NA,0.453,0.351
1,118,"House",21102,41,7,"AL",100,NA,NA,"SEWELL, Terri","S001185",1965,NA,-0.401,0.397,-47.88507,0.95124,958,18,NA,-0.524,0.369
2,118,"House",21500,41,6,"AL",200,NA,NA,"PALMER, Gary James","P000609",1954,NA,0.678,0.114,-83.65844,0.9199,1002,41,NA,0.673,0.143
3,118,"House",22108,41,1,"AL",200,NA,NA,"CARL, Jerry L.","C001054",1958,NA,0.55,0.236,-123.17499,0.88593,1017,56,NA,0.592,0.214
4,118,"House",22140,41,2,"AL",200,NA,NA,"MOORE, Barry","M001212",1966,NA,0.639,-0.244,-93.0781,0.91246,1016,40,NA,0.709,-0.311
5,118,"House",22366,41,5,"AL",200,NA,NA,"STRONG, Dale","S001220",1970,NA,0.619,0.359,-107.15463,0.89953,1012,42,NA,0.619,0.369
6,118,"House",29701,41,4,"AL",200,NA,NA,"ADERHOLT, Robert","A000055",1965,NA,0.405,0.467,-173.39567,0.84037,997,85,NA,0.471,0.233
7,118,"House",22168,81,1,"AK",100,NA,NA,"PELTOLA, Mary Sattler","P000619",1973,NA,-0.137,0.382,-181.53117,0.80184,822,86,NA,-0.136,0.377
8,118,"House",21995,93,0,"AS",200,NA,NA,"RADEWAGEN, Aumua Amata Coleman","R000600",1947,NA,0.325,0.186,-72.83715,0.70217,206,36,NA,0.305,0.116
9,118,"House",20305,61,7,"AZ",100,NA,NA,"GRIJALVA, Raúl M.","G000551",1948,NA,-0.598,-0.264,-34.93076,0.95021,684,15,NA,-0.573,-0.39
10,118,"House",21103,61,9,"AZ",200,NA,NA,"GOSAR, Paul","G000565",1958,NA,0.701,-0.507,-72.8206,0.92673,957,27,NA,0.76,-0.628
11,118,"House",21105,61,1,"AZ",200,NA,NA,"SCHWEIKERT, David","S001183",1962,NA,0.556,-0.23,-273.30532,0.76292,1010,100,NA,0.479,-0.181
12,118,"House",21502,61,3,"AZ",100,NA,NA,"GALLEGO, Ruben","G000574",1979,NA,-0.401,0.139,-128.92228,0.86286,874,51,NA,-0.298,0.337
13,118,"House",21705,61,5,"AZ",200,NA,NA,"BIGGS, Andrew S.","B001302",1958,NA,0.823,-0.568,-108.40092,0.8988,1016,49,NA,0.726,-0.688
14,118,"House",21757,61,8,"AZ",200,NA,NA,"LESKO, Debbie","L000589",1958,NA,0.617,-0.093,-99.35092,0.89837,927,41,NA,0.641,-0.047
15,118,"House",21968,61,4,"AZ",100,NA,NA,"STANTON, Greg","S001211",1970,NA,-0.282,0.27,-65.71553,0.93689,1008,27,NA,-0.293,0.432
16,118,"House",22309,61,6,"AZ",200,NA,NA,"CISCOMANI, Juan","C001133",1982,NA,0.288,0.716,-61.13301,0.94081,1002,26,NA,0.285,0.677
17,118,"House",22311,61,2,"AZ",200,NA,NA,"CRANE, Eli","C001132",1980,NA,0.745,-0.667,-90.47153,0.9144,1011,40,NA,0.744,-0.668
18,118,"House",21106,42,1,"AR",200,NA,NA,"CRAWFORD, Rick","C001087",1966,NA,0.46,0.307,-160.13116,0.85298,1007,65,NA,0.466,0.155
19,118,"House",21108,42,3,"AR",200,NA,NA,"WOMACK, Steve","W000809",1957,NA,0.347,0.635,-68.67483,0.93495,1021,23,NA,0.374,0.923
20,118,"House",21503,42,2,"AR",200,NA,NA,"HILL, French","H001072",1956,NA,0.437,0.269,-159.19881,0.85457,1013,70,NA,0.444,0.349
21,118,"House",21563,42,4,"AR",200,NA,NA,"WESTERMAN, Bruce Eugene","W000821",1967,NA,0.545,0.252,-111.56832,0.896,1016,54,NA,0.509,0.101
22,118,"House",15448,71,11,"CA",100,NA,NA,"PELOSI, Nancy","P000197",1940,NA,-0.49,-0.185,-36.72714,0.96136,932,16,NA,-0.573,0.234
23,118,"House",20104,71,30,"CA",100,NA,NA,"SCHIFF, Adam","S001150",1960,NA,-0.35,-0.121,-45.98715,0.95466,991,21,NA,-0.356,0.019
24,118,"House",20107,71,48,"CA",200,NA,NA,"ISSA, Darrell","I000056",1953,NA,0.479,0.019,-157.40914,0.853,990,76,NA,0.439,0.058
25,118,"House",20310,71,38,"CA",100,NA,NA,"SÁNCHEZ, Linda T.","S001156",1969,NA,-0.508,-0.13,-42.72495,0.95822,1001,20,NA,-0.525,-0.066
26,118,"House",20501,71,21,"CA",100,NA,NA,"COSTA, Jim","C001059",1952,NA,-0.197,0.452,-124.25057,0.87907,964,55,NA,-0.301,0.596
27,118,"House",20538,71,7,"CA",100,NA,NA,"MATSUI, Doris","M001163",1944,NA,-0.434,-0.144,-37.12329,0.9632,990,13,NA,-0.425,-0.052
28,118,"House",20703,71,20,"CA",200,NA,NA,"MCCARTHY, Kevin","M001165",1965,NA,0.453,0.233,-71.46574,0.82262,366,36,NA,0.381,0.07
29,118,"House",20903,71,5,"CA",200,NA,NA,"McCLINTOCK, Tom","M001177",1956,NA,0.676,-0.37,-282.42039,0.75502,1005,100,NA,0.559,-0.348
30,118,"House",20955,71,28,"CA",100,NA,NA,"CHU, Judy","C001080",1953,NA,-0.483,-0.375,-42.69052,0.95833,1003,16,NA,-0.401,-0.442
31,118,"House",20958,71,8,"CA",100,NA,NA,"GARAMENDI, John","G000559",1945,NA,-0.312,-0.096,-84.91638,0.91146,916,29,NA,-0.36,-0.055
32,118,"House",21302,71,1,"CA",200,NA,NA,"LaMALFA, Doug","L000578",1960,NA,0.541,0.007,-115.59596,0.88452,942,52,NA,0.579,-0.024
33,118,"House",21303,71,2,"CA",100,NA,NA,"HUFFMAN, Jared","H001068",1964,NA,-0.43,-0.51,-67.26145,0.93412,987,26,NA,-0.443,-0.437
34,118,"House",21304,71,6,"CA",100,NA,NA,"BERA, Ami","B001287",1965,NA,-0.244,0.016,-66.93818,0.93618,1015,27,NA,-0.372,0.159
35,118,"House",21306,71,14,"CA",100,NA,NA,"SWALWELL, Eric","S001193",1980,NA,-0.36,-0.054,-57.98752,0.93999,937,28,NA,-0.364,0.2
36,118,"House",21307,71,22,"CA",200,NA,NA,"VALADAO, David G.","V000129",1977,NA,0.258,0.437,-69.59655,0.93283,1001,24,NA,0.268,0.679
37,118,"House",21308,71,26,"CA",100,NA,NA,"BROWNLEY, Julia","B001285",1952,NA,-0.299,0.058,-44.27027,0.95711,1010,16,NA,-0.454,0.204
38,118,"House",21309,71,29,"CA",100,NA,NA,"CÁRDENAS, Tony","C001097",1963,NA,-0.389,-0.041,-67.25231,0.93439,991,34,NA,-0.472,-0.241
39,118,"House",21311,71,25,"CA",100,NA,NA,"RUIZ, Raul","R000599",1972,NA,-0.255,0.048,-66.65112,0.9362,1011,30,NA,-0.38,0.063
40,118,"House",21312,71,39,"CA",100,NA,NA,"TAKANO, Mark","T000472",1960,NA,-0.46,-0.32,-54.62065,0.94746,1012,22,NA,-0.428,-0.48
41,118,"House",21314,71,52,"CA",100,NA,NA,"VARGAS, Juan","V000130",1961,NA,-0.396,0.019,-76.61462,0.92702,1011,36,NA,-0.346,-0.294
42,118,"House",21315,71,50,"CA",100,NA,NA,"PETERS, Scott","P000608",1958,NA,-0.191,-0.028,-77.52773,0.92583,1006,34,NA,-0.299,0.073
43,118,"House",21504,71,10,"CA",100,NA,NA,"DESAULNIER, Mark James","D000623",1952,NA,-0.515,-0.37,-47.28042,0.95368,997,23,NA,-0.427,-0.422
44,118,"House",21506,71,33,"CA",100,NA,NA,"AGUILAR, Peter Rey","A000371",1979,NA,-0.316,0.14,-55.47904,0.94691,1017,25,NA,-0.521,0.305
45,118,"House",21507,71,36,"CA",100,NA,NA,"LIEU, Ted","L000582",1969,NA,-0.371,-0.214,-63.19342,0.93846,995,27,NA,-0.357,-0.129
46,118,"House",21508,71,35,"CA",100,NA,NA,"TORRES, Norma Judith","T000474",1965,NA,-0.37,0.063,-48.83537,0.95289,1012,14,NA,-0.405,0.155
47,118,"House",21703,71,44,"CA",100,NA,NA,"BARRAGÁN, Nanette Diaz","B001300",1976,NA,-0.501,-0.105,-52.2661,0.94932,1005,26,NA,-0.441,-0.278
48,118,"House",21709,71,24,"CA",100,NA,NA,"CARBAJAL, Salud","C001112",1964,NA,-0.319,0.112,-42.83365,0.95868,1015,12,NA,-0.421,0.231
49,118,"House",21711,71,46,"CA",100,NA,NA,"CORREA, Jose Luis","C001110",1958,NA,-0.279,0.16,-119.16999,0.8855,980,51,NA,-0.287,-0.046
50,118,"House",21728,71,17,"CA",100,NA,NA,"KHANNA, Rohit","K000389",1976,NA,-0.477,-0.306,-70.01155,0.93303,1010,30,NA,-0.329,-0.413
51,118,"House",21740,71,19,"CA",100,NA,NA,"PANETTA, James Varni","P000613",1969,NA,-0.292,0.159,-90.31837,0.91502,1017,35,NA,-0.281,0.294
52,118,"House",21754,71,34,"CA",100,NA,NA,"GOMEZ, Jimmy","G000585",1974,NA,-0.549,-0.272,-58.32967,0.94295,993,28,NA,-0.478,-0.377
53,118,"House",21930,71,9,"CA",100,NA,NA,"HARDER, Josh","H001090",1986,NA,-0.328,0.539,-80.60428,0.92173,989,31,NA,-0.284,0.418
54,118,"House",21939,71,49,"CA",100,NA,NA,"LEVIN, Mike","L000593",1978,NA,-0.328,0.172,-75.38304,0.92876,1020,33,NA,-0.302,0.147
55,118,"House",21954,71,47,"CA",100,NA,NA,"PORTER, Katie","P000618",1974,NA,-0.233,-0.33,-72.65211,0.92454,926,28,NA,-0.374,-0.413
56,118,"House",21988,71,27,"CA",200,NA,NA,"GARCIA, Mike","G000061",1976,NA,0.356,0.098,-180.27537,0.83741,1016,71,NA,0.347,0.059
57,118,"House",22126,71,51,"CA",100,NA,NA,"JACOBS, Sara","J000305",1989,NA,-0.39,-0.446,-43.80894,0.95693,995,19,NA,-0.418,-0.446
58,118,"House",22129,71,40,"CA",200,NA,NA,"KIM, Young","K000397",1962,NA,0.254,0.37,-98.58103,0.90683,1008,39,NA,0.253,0.447
59,118,"House",22145,71,23,"CA",200,NA,NA,"OBERNOLTE, Jay","O000019",1970,NA,0.316,0.28,-151.74666,0.86075,1012,45,NA,0.313,0.256
60,118,"House",22152,71,45,"CA",200,NA,NA,"STEEL, Michelle","S001135",1955,NA,0.37,0.273,-156.20802,0.85736,1015,57,NA,0.359,0.323
61,118,"House",22317,71,13,"CA",200,NA,NA,"DUARTE, John","D000633",1966,NA,0.334,-0.005,-208.26973,0.81366,1010,71,NA,0.343,0.013
62,118,"House",22323,71,42,"CA",100,NA,NA,"GARCIA, Robert","G000598",1977,NA,-0.385,-0.622,-52.12996,0.94783,973,18,NA,-0.384,-0.623
63,118,"House",22333,71,37,"CA",100,NA,NA,"KAMLAGER-DOVE, Sydney","K000400",1972,NA,-0.549,-0.466,-49.73065,0.95077,985,24,NA,-0.55,-0.466
64,118,"House",22336,71,3,"CA",200,NA,NA,"KILEY, Kevin","K000401",1985,NA,0.255,0.45,-86.0211,0.91905,1019,30,NA,0.258,0.442
65,118,"House",22354,71,15,"CA",100,NA,NA,"MULLIN, Kevin","M001225",1970,NA,-0.479,-0.045,-39.05188,0.96058,971,14,NA,-0.479,-0.042
66,118,"House",22378,71,20,"CA",200,NA,NA,"FONG, Vince","F000480",NA,NA,0.473,0.881,-17.28548,0.89637,158,9,NA,0.454,0.891
67,118,"House",29106,71,43,"CA",100,NA,NA,"WATERS, Maxine","W000187",1938,NA,-0.655,-0.092,-66.52219,0.93482,987,32,NA,-0.483,-0.426
68,118,"House",29312,71,16,"CA",100,NA,NA,"ESHOO, Anna Georges","E000215",1942,NA,-0.379,-0.377,-72.26339,0.93095,1010,33,NA,-0.415,0.097
69,118,"House",29323,71,41,"CA",200,NA,NA,"CALVERT, Ken","C000059",1953,NA,0.34,0.276,-94.97909,0.91109,1020,27,NA,0.346,0.73
70,118,"House",29504,71,18,"CA",100,NA,NA,"LOFGREN, Zoe","L000397",1947,NA,-0.398,-0.412,-81.2804,0.92033,979,31,NA,-0.309,-0.295
71,118,"House",29707,71,32,"CA",100,NA,NA,"SHERMAN, Brad","S000344",1954,NA,-0.343,-0.137,-63.87364,0.93854,1007,27,NA,-0.388,-0.014
72,118,"House",29778,71,12,"CA",100,NA,NA,"LEE, Barbara","L000551",1946,NA,-0.676,-0.581,-45.46068,0.95444,975,19,NA,-0.503,-0.673
73,118,"House",29901,71,4,"CA",100,NA,NA,"THOMPSON, Michael","T000460",1951,NA,-0.394,0.069,-55.41313,0.94702,1018,22,NA,-0.381,0.137
74,118,"House",29903,71,31,"CA",100,NA,NA,"NAPOLITANO, Grace Flores","N000179",1936,NA,-0.448,-0.248,-34.90972,0.96469,971,14,NA,-0.457,-0.258
75,118,"House",20704,62,5,"CO",200,NA,NA,"LAMBORN, Doug","L000564",1954,NA,0.666,0.259,-100.76161,0.9046,1005,46,NA,0.707,0.48
76,118,"House",21510,62,4,"CO",200,NA,NA,"BUCK, Kenneth Robert","B001297",1959,NA,0.655,-0.432,-370.28315,0.58697,695,104,NA,0.413,-0.458
77,118,"House",21912,62,6,"CO",100,NA,NA,"CROW, Jason","C001121",1979,NA,-0.332,0.2,-51.98154,0.94839,981,20,NA,-0.442,0.104
78,118,"House",21948,62,2,"CO",100,NA,NA,"NEGUSE, Joseph","N000191",1984,NA,-0.421,-0.109,-33.81665,0.96739,1020,14,NA,-0.455,0.08
79,118,"House",22103,62,3,"CO",200,NA,NA,"BOEBERT, Lauren","B000825",1986,NA,0.742,-0.494,-106.26574,0.89573,965,48,NA,0.673,-0.476
80,118,"House",22306,62,8,"CO",100,NA,NA,"CARAVEO, Yadira","C001134",1980,NA,-0.258,0.588,-94.15838,0.90962,994,39,NA,-0.261,0.585
81,118,"House",22359,62,7,"CO",100,NA,NA,"PETTERSEN, Brittany","P000620",1981,NA,-0.356,0.312,-45.40529,0.95625,1015,21,NA,-0.355,0.311
82,118,"House",22380,62,4,"CO",200,NA,NA,"LOPEZ, Greg","L000604",NA,NA,0.807,0.567,-6.15166,0.90255,60,2,NA,0,0
83,118,"House",29710,62,1,"CO",100,NA,NA,"DeGETTE, Diana","D000197",1957,NA,-0.431,-0.307,-39.95392,0.96125,1011,15,NA,-0.401,-0.333
84,118,"House",20706,1,2,"CT",100,NA,NA,"COURTNEY, Joe","C001069",1953,NA,-0.34,0.038,-61.71365,0.94084,1012,25,NA,-0.329,0.236
85,118,"House",20907,1,4,"CT",100,NA,NA,"HIMES, James A.","H001047",1966,NA,-0.241,-0.21,-87.87361,0.91652,1008,44,NA,-0.257,-0.012
86,118,"House",21931,1,5,"CT",100,NA,NA,"HAYES, Jahana","H001081",1973,NA,-0.319,-0.068,-67.66203,0.93557,1016,31,NA,-0.302,-0.019
87,118,"House",29109,1,3,"CT",100,NA,NA,"DeLAURO, Rosa L.","D000216",1943,NA,-0.415,-0.107,-56.33413,0.94559,1007,21,NA,-0.431,0.072
88,118,"House",29908,1,1,"CT",100,NA,NA,"LARSON, John B.","L000557",1948,NA,-0.397,-0.039,-55.35788,0.94572,992,20,NA,-0.42,0.104
89,118,"House",21706,11,1,"DE",100,NA,NA,"BLUNT ROCHESTER, Lisa","B001303",1962,NA,-0.357,-0.115,-41.68203,0.95917,1000,13,NA,-0.434,-0.028
90,118,"House",21993,55,0,"DC",100,NA,NA,"NORTON, Eleanor Holmes","N000147",1937,NA,-0.491,-0.114,-19.20849,0.96434,529,8,NA,-0.432,-0.258
91,118,"House",20316,43,26,"FL",200,NA,NA,"DIAZ-BALART, Mario","D000600",1961,NA,0.281,0.157,-118.41155,0.88281,950,47,NA,0.309,0.351
92,118,"House",20504,43,25,"FL",100,NA,NA,"WASSERMAN SCHULTZ, Debbie","W000797",1966,NA,-0.417,0.097,-63.63834,0.93923,1015,26,NA,-0.384,0.243
93,118,"House",20708,43,14,"FL",100,NA,NA,"CASTOR, Kathy","C001066",1966,NA,-0.438,0.066,-40.85435,0.96024,1007,15,NA,-0.429,0.177
94,118,"House",20709,43,16,"FL",200,NA,NA,"BUCHANAN, Vernon G.","B001260",1951,NA,0.362,-0.086,-160.14656,0.8498,984,78,NA,0.399,0.102
95,118,"House",20758,43,12,"FL",200,NA,NA,"BILIRAKIS, Gus","B001257",1963,NA,0.423,-0.033,-152.50173,0.85396,966,76,NA,0.497,-0.036
96,118,"House",20909,43,8,"FL",200,NA,NA,"POSEY, Bill","P000599",1947,NA,0.534,-0.356,-117.86383,0.88829,995,46,NA,0.595,-0.376
97,118,"House",21116,43,11,"FL",200,NA,NA,"WEBSTER, Daniel A.","W000806",1949,NA,0.523,-0.077,-134.86981,0.87264,990,61,NA,0.499,-0.056
98,118,"House",21118,43,24,"FL",100,NA,NA,"WILSON, Frederica","W000808",1942,NA,-0.477,-0.007,-43.42184,0.9528,898,13,NA,-0.461,0.025
99,118,"House",21321,43,22,"FL",100,NA,NA,"FRANKEL, Lois","F000462",1948,NA,-0.395,-0.033,-62.75722,0.9376,974,24,NA,-0.386,0.188
100,118,"House",21714,43,2,"FL",200,NA,NA,"DUNN, Neal Patrick","D000628",1953,NA,0.506,0.334,-131.25981,0.8779,1008,59,NA,0.483,0.325
101,118,"House",21719,43,1,"FL",200,NA,NA,"GAETZ, Matthew L. II","G000578",1982,NA,0.594,-0.644,-161.64324,0.84308,947,74,NA,0.54,-0.707
102,118,"House",21735,43,21,"FL",200,NA,NA,"MAST, Brian Jeffery","M001199",1980,NA,0.463,-0.356,-163.77164,0.84711,987,70,NA,0.501,-0.238
103,118,"House",21744,43,5,"FL",200,NA,NA,"RUTHERFORD, John Henry","R000609",1952,NA,0.432,0.074,-165.10683,0.84919,1010,71,NA,0.432,0.176
104,118,"House",21746,43,9,"FL",100,NA,NA,"SOTO, Darren Michael","S001200",1978,NA,-0.349,0.189,-65.00607,0.93808,1017,31,NA,-0.292,0.203
105,118,"House",21971,43,17,"FL",200,NA,NA,"STEUBE, William","S001214",1978,NA,0.69,-0.32,-74.5063,0.92196,917,30,NA,0.747,-0.383
106,118,"House",21981,43,6,"FL",200,NA,NA,"WALTZ, Michael","W000823",1974,NA,0.451,-0.113,-125.74035,0.877,958,65,NA,0.583,0.033
107,118,"House",22107,43,3,"FL",200,NA,NA,"CAMMACK, Kat","C001039",1988,NA,0.588,-0.236,-94.5811,0.90764,976,38,NA,0.58,-0.282
108,118,"House",22111,43,19,"FL",200,NA,NA,"DONALDS, Byron","D000032",1978,NA,0.645,-0.26,-80.50893,0.91883,951,33,NA,0.677,-0.354
109,118,"House",22116,43,18,"FL",200,NA,NA,"FRANKLIN, C. Scott","F000472",1964,NA,0.62,0.174,-92.33099,0.91305,1015,43,NA,0.652,0.249
110,118,"House",22118,43,28,"FL",200,NA,NA,"GIMENEZ, Carlos A.","G000593",1954,NA,0.331,0.133,-136.36883,0.87022,981,57,NA,0.353,0.176
111,118,"House",22150,43,27,"FL",200,NA,NA,"SALAZAR, Maria Elvira","S000168",1961,NA,0.271,0.156,-168.57599,0.83693,947,67,NA,0.287,0.308
112,118,"House",22163,43,20,"FL",100,NA,NA,"CHERFILUS-MCCORMICK, Sheila","C001127",1979,NA,-0.466,-0.036,-40.63517,0.95998,995,17,NA,-0.441,-0.124
113,118,"House",22302,43,4,"FL",200,NA,NA,"BEAN, Aaron","B001314",1967,NA,0.666,-0.126,-84.36317,0.92039,1017,36,NA,0.665,-0.132
114,118,"House",22321,43,10,"FL",100,NA,NA,"FROST, Maxwell","F000476",1997,NA,-0.418,-0.716,-50.69997,0.95137,1017,18,NA,-0.417,-0.718
115,118,"House",22341,43,15,"FL",200,NA,NA,"LEE, Laurel","L000597",1974,NA,0.407,0.158,-161.43135,0.85229,1010,76,NA,0.391,0.179
116,118,"House",22343,43,13,"FL",200,NA,NA,"LUNA, Anna","L000596",1989,NA,0.576,-0.547,-95.97016,0.89521,867,44,NA,0.576,-0.556
117,118,"House",22350,43,7,"FL",200,NA,NA,"MILLS, Cory","M001216",1980,NA,0.597,-0.309,-98.31259,0.90716,1009,39,NA,0.59,-0.321
118,118,"House",22353,43,23,"FL",100,NA,NA,"MOSKOWITZ, Jared","M001217",1980,NA,-0.227,0.319,-84.62906,0.91604,965,35,NA,-0.226,0.318
119,118,"House",20321,44,13,"GA",100,NA,NA,"SCOTT, David","S001157",1945,NA,-0.304,0.167,-77.6298,0.92602,1010,30,NA,-0.344,0.255
120,118,"House",20712,44,4,"GA",100,NA,NA,"JOHNSON, Hank","J000288",1954,NA,-0.476,-0.047,-114.72744,0.89047,989,39,NA,-0.774,-0.061
121,118,"House",21123,44,8,"GA",200,NA,NA,"SCOTT, Austin","S001189",1969,NA,0.535,0.366,-159.9921,0.85377,1012,76,NA,0.464,0.484
122,118,"House",21513,44,1,"GA",200,NA,NA,"CARTER, Buddy","C001103",1957,NA,0.557,0.341,-131.01697,0.87868,1013,55,NA,0.571,0.41
123,118,"House",21515,44,11,"GA",200,NA,NA,"LOUDERMILK, Barry D.","L000583",1963,NA,0.682,0.012,-112.02384,0.89219,982,50,NA,0.666,0.057
124,118,"House",21516,44,12,"GA",200,NA,NA,"ALLEN, Rick W.","A000372",1951,NA,0.691,0.274,-112.97317,0.89477,1016,54,NA,0.62,0.251
125,118,"House",21717,44,3,"GA",200,NA,NA,"FERGUSON, Anderson Drew IV","F000465",1966,NA,0.586,0.25,-144.61848,0.86472,995,66,NA,0.569,0.348
126,118,"House",21944,44,7,"GA",100,NA,NA,"McBATH, Lucy","M001208",1960,NA,-0.34,0.268,-59.58332,0.94187,995,25,NA,-0.473,0.247
127,118,"House",22110,44,9,"GA",200,NA,NA,"CLYDE, Andrew S.","C001116",1963,NA,0.825,-0.128,-120.47692,0.88766,1011,55,NA,0.969,-0.001
128,118,"House",22121,44,14,"GA",200,NA,NA,"GREENE, Marjorie Taylor","G000596",1974,NA,0.8,-0.6,-146.54805,0.86097,979,57,NA,0.67,-0.547
129,118,"House",22156,44,5,"GA",100,NA,NA,"WILLIAMS, Nikema","W000788",1978,NA,-0.413,-0.421,-44.38629,0.95713,1013,18,NA,-0.421,-0.422
130,118,"House",22310,44,10,"GA",200,NA,NA,"COLLINS, Mike","C001129",1967,NA,0.672,-0.277,-84.57002,0.91998,1014,33,NA,0.672,-0.276
131,118,"House",22346,44,6,"GA",200,NA,NA,"MCCORMICK, Rich","M001218",1968,NA,0.881,0.474,-161.81101,0.85129,1005,78,NA,0.888,0.46
132,118,"House",29339,44,2,"GA",100,NA,NA,"BISHOP, Sanford Dixon, Jr.","B000490",1947,NA,-0.286,0.449,-101.7942,0.90413,1010,50,NA,-0.438,0.446
133,118,"House",22373,94,0,"GU",200,NA,NA,"MOYLAN, James","M001219",1962,NA,0.443,0.431,-95.35733,0.75606,341,47,NA,0.442,0.431
134,118,"House",20322,82,1,"HI",100,NA,NA,"CASE, Ed","C001055",1952,NA,-0.204,-0.078,-90.51935,0.91419,1009,38,NA,-0.263,0.072
135,118,"House",22369,82,2,"HI",100,NA,NA,"TOKUDA, Jill","T000487",1976,NA,-0.465,-0.379,-38.9259,0.96212,1008,17,NA,-0.465,-0.378
136,118,"House",21920,63,1,"ID",200,NA,NA,"FULCHER, Russell","F000469",1962,NA,0.639,-0.079,-109.27729,0.89793,1015,39,NA,0.645,-0.148
137,118,"House",29910,63,2,"ID",200,NA,NA,"SIMPSON, Michael K.","S001148",1950,NA,0.296,0.311,-101.17673,0.90153,976,37,NA,0.288,0.425
138,118,"House",20749,21,11,"IL",100,NA,NA,"FOSTER, Bill","F000454",1955,NA,-0.236,-0.215,-71.53898,0.93162,1010,29,NA,-0.337,-0.049
139,118,"House",20954,21,5,"IL",100,NA,NA,"QUIGLEY, Mike","Q000023",1958,NA,-0.326,-0.23,-73.54951,0.92819,987,27,NA,-0.449,0.188
140,118,"House",21326,21,10,"IL",100,NA,NA,"SCHNEIDER, Brad","S001190",1961,NA,-0.192,-0.116,-75.48995,0.92722,999,35,NA,-0.306,0.179
141,118,"House",21371,21,2,"IL",100,NA,NA,"KELLY, Robin L.","K000385",1956,NA,-0.47,-0.017,-32.92028,0.96687,977,13,NA,-0.553,0.003
142,118,"House",21519,21,12,"IL",200,NA,NA,"BOST, Mike","B001295",1960,NA,0.397,-0.033,-170.50308,0.84467,1010,93,NA,0.517,-0.106
143,118,"House",21562,21,16,"IL",200,NA,NA,"LaHOOD, Darin","L000585",1968,NA,0.46,0.217,-160.11802,0.85053,989,64,NA,0.461,0.281
144,118,"House",21730,21,8,"IL",100,NA,NA,"KRISHNAMOORTHI, S. Raja","K000391",1973,NA,-0.336,-0.002,-47.95287,0.95385,1015,17,NA,-0.406,0.148
145,118,"House",21906,21,6,"IL",100,NA,NA,"CASTEN, Sean","C001117",1971,NA,-0.651,0.48,-60.6129,0.9417,1009,24,NA,-0.617,0.31
146,118,"House",21921,21,4,"IL",100,NA,NA,"GARCÍA, Jesús","G000586",1956,NA,-0.434,-0.885,-41.67889,0.95594,925,18,NA,-0.77,-0.637
147,118,"House",21979,21,14,"IL",100,NA,NA,"UNDERWOOD, Lauren","U000040",1986,NA,-0.603,0.395,-52.85123,0.94887,1007,19,NA,-0.645,0.047
148,118,"House",22138,21,15,"IL",200,NA,NA,"MILLER, Mary E.","M001211",1959,NA,0.789,-0.163,-106.71256,0.90011,1014,41,NA,0.708,-0.142
149,118,"House",22304,21,13,"IL",100,NA,NA,"BUDZINSKI, Nikki","B001315",1977,NA,-0.324,0.493,-71.36448,0.93223,1017,32,NA,-0.324,0.5
150,118,"House",22330,21,1,"IL",100,NA,NA,"JACKSON, Jonathan","J000309",1966,NA,-0.377,-0.451,-74.40887,0.92815,998,34,NA,-0.388,-0.446
151,118,"House",22360,21,3,"IL",100,NA,NA,"RAMIREZ, Delia","R000617",1983,NA,-0.496,-0.868,-38.09933,0.96254,998,12,NA,-0.739,-0.674
152,118,"House",22365,21,17,"IL",100,NA,NA,"SORENSEN, Eric","S001225",1976,NA,-0.244,0.282,-68.55281,0.93129,963,28,NA,-0.243,0.289
153,118,"House",29717,21,7,"IL",100,NA,NA,"DAVIS, Danny K.","D000096",1941,NA,-0.486,-0.264,-44.01816,0.95581,974,16,NA,-0.476,-0.266
154,118,"House",29911,21,9,"IL",100,NA,NA,"SCHAKOWSKY, Janice D.","S001145",1944,NA,-0.602,-0.292,-53.87384,0.94698,989,26,NA,-0.424,-0.561
155,118,"House",20757,22,7,"IN",100,NA,NA,"CARSON, André","C001072",1974,NA,-0.434,0.035,-72.97149,0.92935,996,29,NA,-0.495,-0.142
156,118,"House",21132,22,8,"IN",200,NA,NA,"BUCSHON, Larry","B001275",1962,NA,0.38,0.384,-116.70744,0.88805,983,34,NA,0.326,0.461
157,118,"House",21702,22,3,"IN",200,NA,NA,"BANKS, James E.","B001299",1979,NA,0.647,0.021,-109.11571,0.89534,987,35,NA,0.666,0.08
158,118,"House",21903,22,4,"IN",200,NA,NA,"BAIRD, James","B001307",1945,NA,0.443,0.419,-171.27252,0.84374,1008,71,NA,0.362,0.242
159,118,"House",21952,22,6,"IN",200,NA,NA,"PENCE, Gregory","P000615",1956,NA,0.501,0.241,-143.40992,0.85581,921,70,NA,0.434,0.285
160,118,"House",22142,22,1,"IN",100,NA,NA,"MRVAN, Frank J.","M001214",1969,NA,-0.313,0.34,-57.73926,0.94427,1007,20,NA,-0.321,0.39
161,118,"House",22151,22,5,"IN",200,NA,NA,"SPARTZ, Victoria","S000929",1978,NA,0.483,-0.236,-204.67279,0.806,949,84,NA,0.541,-0.349
162,118,"House",22171,22,2,"IN",200,NA,NA,"YAKYM, Rudy, III","Y000067",1984,NA,0.509,0.135,-111.18755,0.89653,1018,43,NA,0.511,0.136
163,118,"House",22326,22,9,"IN",200,NA,NA,"HOUCHIN, Erin","H001093",1976,NA,0.638,0.216,-94.77333,0.91119,1019,37,NA,0.639,0.225
164,118,"House",22113,31,4,"IA",200,NA,NA,"FEENSTRA, Randy","F000446",1969,NA,0.47,0.177,-120.9832,0.88795,1018,49,NA,0.48,0.187
165,118,"House",22124,31,2,"IA",200,NA,NA,"HINSON, Ashley","H001091",1983,NA,0.348,0.349,-92.17675,0.91311,1014,34,NA,0.384,0.602
166,118,"House",22139,31,1,"IA",200,NA,NA,"MILLER-MEEKS, Mariannette","M001215",1955,NA,0.336,0.19,-138.80941,0.86893,988,62,NA,0.348,0.163
167,118,"House",22356,31,3,"IA",200,NA,NA,"NUNN, Zach","N000193",1979,NA,0.29,0.189,-172.49113,0.8401,990,65,NA,0.288,0.163
168,118,"House",21750,32,4,"KS",200,NA,NA,"ESTES, Ron","E000298",1956,NA,0.644,0.102,-103.06931,0.90317,1012,46,NA,0.651,0.23
169,118,"House",21914,32,3,"KS",100,NA,NA,"DAVIDS, Sharice","D000629",1980,NA,-0.279,0.285,-70.11965,0.93344,1018,23,NA,-0.295,0.311
170,118,"House",22130,32,2,"KS",200,NA,NA,"LATURNER, Jake","L000266",1988,NA,0.469,0.445,-135.25078,0.87326,998,53,NA,0.454,0.369
171,118,"House",22134,32,1,"KS",200,NA,NA,"MANN, Tracey","M000871",1976,NA,0.602,0.06,-122.60789,0.88643,1017,59,NA,0.516,-0.069
172,118,"House",14854,51,5,"KY",200,NA,NA,"ROGERS, Harold Dallas (Hal)","R000395",1937,NA,0.333,0.152,-123.13876,0.88181,979,39,NA,0.358,0.751
173,118,"House",20916,51,2,"KY",200,NA,NA,"GUTHRIE, Brett","G000558",1964,NA,0.428,0.267,-127.23341,0.88273,1020,57,NA,0.474,0.366
174,118,"House",21333,51,6,"KY",200,NA,NA,"BARR, Garland H. (Andy) IV","B001282",1973,NA,0.486,0.3,-105.68221,0.89637,966,40,NA,0.524,0.423
175,118,"House",21565,51,1,"KY",200,NA,NA,"COMER, James","C001108",1972,NA,0.594,-0.071,-91.28203,0.91334,1007,37,NA,0.603,-0.141
176,118,"House",22347,51,3,"KY",100,NA,NA,"MCGARVEY, Morgan","M001220",1979,NA,-0.55,0.044,-33.29381,0.96782,1018,11,NA,-0.55,0.042
177,118,"House",31102,51,4,"KY",200,NA,NA,"MASSIE, Thomas","M001184",1971,NA,0.678,-0.735,-220.13318,0.79141,941,86,NA,0.612,-0.791
178,118,"House",20759,45,1,"LA",200,NA,NA,"SCALISE, Steve","S001176",1965,NA,0.559,0.168,-93.85094,0.90322,922,33,NA,0.587,0.223
179,118,"House",21523,45,6,"LA",200,NA,NA,"GRAVES, Garret","G000577",1972,NA,0.426,0.05,-176.35221,0.83964,1009,72,NA,0.405,0.013
180,118,"House",21724,45,3,"LA",200,NA,NA,"HIGGINS, Clay","H001077",1961,NA,0.624,-0.314,-115.58418,0.88679,962,51,NA,0.65,-0.287
181,118,"House",21727,45,4,"LA",200,NA,NA,"JOHNSON, Mike","J000299",1972,NA,0.566,0.015,-49.82341,0.9342,732,24,NA,0.675,0.166
182,118,"House",22157,45,5,"LA",200,NA,NA,"LETLOW, Julia","L000595",1981,NA,0.425,0.354,-163.4317,0.8495,1002,69,NA,0.408,0.274
183,118,"House",22158,45,2,"LA",100,NA,NA,"CARTER, Troy","C001125",1963,NA,-0.53,0.256,-38.85627,0.96204,1004,14,NA,-0.589,0.271
184,118,"House",20920,2,1,"ME",100,NA,NA,"PINGREE, Chellie","P000597",1955,NA,-0.421,-0.367,-48.91135,0.95092,972,22,NA,-0.435,-0.32
185,118,"House",21923,2,2,"ME",100,NA,NA,"GOLDEN, Jared","G000592",1982,NA,-0.101,0.349,-293.54641,0.73888,970,106,NA,-0.09,0.375
186,118,"House",14873,52,5,"MD",100,NA,NA,"HOYER, Steny Hamilton","H000874",1939,NA,-0.381,0.12,-44.91837,0.9541,956,14,NA,-0.472,0.283
187,118,"House",15433,52,7,"MD",100,NA,NA,"MFUME, Kweisi","M000687",1948,NA,-0.444,-0.337,-50.5978,0.95032,993,18,NA,-0.403,-0.166
188,118,"House",20329,52,2,"MD",100,NA,NA,"RUPPERSBERGER, C. A. (Dutch)","R000576",1946,NA,-0.299,0.123,-59.43136,0.94003,961,26,NA,-0.395,0.124
189,118,"House",20724,52,3,"MD",100,NA,NA,"SARBANES, John","S001168",1962,NA,-0.466,-0.077,-42.24016,0.95823,990,19,NA,-0.439,-0.124
190,118,"House",21139,52,1,"MD",200,NA,NA,"HARRIS, Andy","H001052",1957,NA,0.67,-0.368,-165.95586,0.84792,1006,67,NA,0.672,-0.275
191,118,"House",21741,52,8,"MD",100,NA,NA,"RASKIN, Jamie Ben","R000606",1962,NA,-0.514,-0.235,-43.46545,0.95775,1007,21,NA,-0.441,-0.238
192,118,"House",21978,52,6,"MD",100,NA,NA,"TRONE, David","T000483",1955,NA,-0.341,0.234,-49.62617,0.94693,910,15,NA,-0.402,0.335
193,118,"House",22329,52,4,"MD",100,NA,NA,"IVEY, Glenn","I000058",1961,NA,-0.486,-0.005,-37.90173,0.9632,1011,17,NA,-0.486,-0.007
194,118,"House",15616,3,1,"MA",100,NA,NA,"NEAL, Richard Edmund","N000015",1949,NA,-0.417,-0.105,-46.31301,0.95492,1004,24,NA,-0.467,-0.059
195,118,"House",20119,3,8,"MA",100,NA,NA,"LYNCH, Stephen F.","L000562",1955,NA,-0.348,0.047,-71.50142,0.93106,1001,29,NA,-0.321,0.108
196,118,"House",21140,3,9,"MA",100,NA,NA,"KEATING, William R.","K000375",1952,NA,-0.332,-0.095,-61.93567,0.93994,1000,25,NA,-0.404,0.194
197,118,"House",21375,3,5,"MA",100,NA,NA,"CLARK, Katherine M.","C001101",1963,NA,-0.484,-0.27,-40.85561,0.96074,1020,17,NA,-0.512,0.021
198,118,"House",21525,3,6,"MA",100,NA,NA,"MOULTON, Seth","M001196",1978,NA,-0.282,-0.037,-73.00771,0.93,1006,29,NA,-0.289,0.037
199,118,"House",21955,3,7,"MA",100,NA,NA,"PRESSLEY, Ayanna","P000617",1974,NA,-0.349,-0.937,-46.29342,0.95344,971,14,NA,-0.739,-0.674
200,118,"House",21977,3,3,"MA",100,NA,NA,"TRAHAN, Lori","T000482",1973,NA,-0.431,-0.12,-40.22927,0.96095,1010,20,NA,-0.41,-0.125
201,118,"House",22100,3,4,"MA",100,NA,NA,"AUCHINCLOSS, Jake","A000148",1988,NA,-0.302,-0.273,-96.29095,0.90794,997,37,NA,-0.307,-0.193
202,118,"House",29729,3,2,"MA",100,NA,NA,"McGOVERN, James P.","M000312",1959,NA,-0.538,-0.335,-50.79776,0.95114,1014,29,NA,-0.417,-0.574
203,118,"House",20725,23,5,"MI",200,NA,NA,"WALBERG, Tim","W000798",1951,NA,0.499,0.157,-124.72601,0.88394,1011,57,NA,0.474,0.208
204,118,"House",21142,23,4,"MI",200,NA,NA,"HUIZENGA, Bill","H001058",1969,NA,0.533,0.039,-152.84259,0.85969,1011,61,NA,0.449,0.048
205,118,"House",21372,23,8,"MI",100,NA,NA,"KILDEE, Dan","K000380",1958,NA,-0.361,-0.186,-113.15051,0.89137,984,38,NA,-0.232,-0.2
206,118,"House",21526,23,2,"MI",200,NA,NA,"MOOLENAAR, John","M001194",1961,NA,0.448,0.161,-144.91103,0.86708,1016,58,NA,0.439,0.06
207,118,"House",21529,23,6,"MI",100,NA,NA,"DINGELL, Debbie","D000624",1953,NA,-0.399,-0.192,-39.35524,0.96064,980,15,NA,-0.358,-0.332
208,118,"House",21704,23,1,"MI",200,NA,NA,"BERGMAN, John","B001301",1947,NA,0.432,0.078,-145.09121,0.86643,1012,57,NA,0.434,0.037
209,118,"House",21965,23,7,"MI",100,NA,NA,"SLOTKIN, Elissa","S001208",1976,NA,-0.326,0.717,-81.07244,0.92352,1019,27,NA,-0.301,0.389
210,118,"House",21972,23,11,"MI",100,NA,NA,"STEVENS, Haley","S001215",1983,NA,-0.383,0.295,-50.21773,0.95196,1020,23,NA,-0.402,0.244
211,118,"House",21975,23,12,"MI",100,NA,NA,"TLAIB, Rashida","T000481",1976,NA,-0.29,-0.957,-56.60064,0.94486,998,19,NA,-0.981,-0.192
212,118,"House",22136,23,9,"MI",200,NA,NA,"MCCLAIN, Lisa C.","M001136",1966,NA,0.551,0.144,-109.19903,0.89526,987,45,NA,0.541,0.175
213,118,"House",22332,23,10,"MI",200,NA,NA,"JAMES, John","J000307",1981,NA,0.31,0.409,-108.54426,0.89694,998,42,NA,0.306,0.385
214,118,"House",22363,23,3,"MI",100,NA,NA,"SCHOLTEN, Hillary","S001221",1982,NA,-0.252,0.194,-73.83265,0.92977,1014,25,NA,-0.25,0.192
215,118,"House",22368,23,13,"MI",100,NA,NA,"THANEDAR, Shri","T000488",1955,NA,-0.34,-0.063,-55.3397,0.94719,1020,26,NA,-0.346,-0.059
216,118,"House",20122,33,4,"MN",100,NA,NA,"McCOLLUM, Betty","M001143",1954,NA,-0.419,-0.183,-56.57232,0.94568,1013,28,NA,-0.492,-0.105
217,118,"House",21531,33,6,"MN",200,NA,NA,"EMMER, Thomas Earl II","E000294",1961,NA,0.467,-0.076,-121.02366,0.8877,1016,48,NA,0.529,0.006
218,118,"House",21910,33,2,"MN",100,NA,NA,"CRAIG, Angela","C001119",1972,NA,-0.264,0.622,-101.39593,0.90302,994,44,NA,-0.241,0.596
219,118,"House",21950,33,5,"MN",100,NA,NA,"OMAR, Ilhan","O000173",1982,NA,-0.296,-0.955,-70.95787,0.93163,1002,29,NA,-0.981,-0.192
220,118,"House",21953,33,3,"MN",100,NA,NA,"PHILLIPS, Dean","P000616",1969,NA,-0.28,0.181,-48.74217,0.93463,721,18,NA,-0.285,0.184
221,118,"House",21969,33,8,"MN",200,NA,NA,"STAUBER, Peter","S001212",1966,NA,0.382,-0.096,-145.60862,0.85803,951,63,NA,0.457,-0.033
222,118,"House",22114,33,7,"MN",200,NA,NA,"FISCHBACH, Michelle","F000470",1965,NA,0.539,-0.017,-105.5756,0.90103,1013,48,NA,0.574,-0.061
223,118,"House",22167,33,1,"MN",200,NA,NA,"FINSTAD, Brad","F000475",1976,NA,0.547,-0.046,-101.65437,0.90452,1013,45,NA,0.565,-0.034
224,118,"House",21561,46,1,"MS",200,NA,NA,"KELLY, Trent","K000388",1966,NA,0.638,0.303,-97.03535,0.90917,1019,40,NA,0.709,0.415
225,118,"House",21927,46,3,"MS",200,NA,NA,"GUEST, Michael","G000591",1970,NA,0.529,0.128,-124.64809,0.88314,1003,66,NA,0.535,0.103
226,118,"House",22319,46,4,"MS",200,NA,NA,"EZELL, Mike","E000235",1959,NA,0.555,0.18,-99.2262,0.90371,980,53,NA,0.551,0.172
227,118,"House",29368,46,2,"MS",100,NA,NA,"THOMPSON, Bennie","T000193",1948,NA,-0.518,0.391,-35.81577,0.96478,999,9,NA,-0.607,0.296
228,118,"House",20124,34,6,"MO",200,NA,NA,"GRAVES, Samuel","G000546",1963,NA,0.448,0.163,-160.11647,0.85353,1011,59,NA,0.457,0.106
229,118,"House",20517,34,5,"MO",100,NA,NA,"CLEAVER, Emanuel, II","C001061",1944,NA,-0.453,0.003,-34.68409,0.95922,833,17,NA,-0.442,-0.162
230,118,"House",20926,34,3,"MO",200,NA,NA,"LUETKEMEYER, Blaine","L000569",1952,NA,0.45,0.25,-107.25221,0.89491,966,38,NA,0.506,0.333
231,118,"House",21337,34,2,"MO",200,NA,NA,"WAGNER, Ann","W000812",1962,NA,0.39,0.296,-129.97764,0.8788,1006,59,NA,0.356,0.387
232,118,"House",21373,34,8,"MO",200,NA,NA,"SMITH, Jason","S001195",1980,NA,0.578,0.206,-113.85534,0.89115,988,61,NA,0.532,0.045
233,118,"House",22106,34,1,"MO",100,NA,NA,"BUSH, Cori","B001224",1976,NA,-0.247,-0.969,-50.83513,0.93858,802,17,NA,-0.981,-0.192
234,118,"House",22300,34,4,"MO",200,NA,NA,"ALFORD, Mark","A000379",1963,NA,0.597,0.036,-97.32805,0.90874,1017,43,NA,0.592,0.034
235,118,"House",22305,34,7,"MO",200,NA,NA,"BURLISON, Eric","B001316",1976,NA,0.713,-0.491,-71.06211,0.93134,999,28,NA,0.718,-0.494
236,118,"House",21532,64,1,"MT",200,NA,NA,"ZINKE, Ryan","Z000018",1961,NA,0.438,-0.131,-178.34506,0.83695,1002,86,NA,0.456,-0.092
237,118,"House",22148,64,2,"MT",200,NA,NA,"ROSENDALE, Matthew M., Sr.","R000103",1960,NA,0.75,-0.652,-110.24191,0.89736,1018,47,NA,0.741,-0.672
238,118,"House",20729,35,3,"NE",200,NA,NA,"SMITH, Adrian","S001172",1970,NA,0.511,0.25,-107.5549,0.89764,996,43,NA,0.522,0.337
239,118,"House",21701,35,2,"NE",200,NA,NA,"BACON, Donald J.","B001298",1963,NA,0.286,0.188,-133.45533,0.87622,1010,50,NA,0.237,0.361
240,118,"House",22166,35,1,"NE",200,NA,NA,"FLOOD, Mike","F000474",1975,NA,0.463,0.765,-111.12119,0.8963,1015,42,NA,0.439,0.677
241,118,"House",20927,65,1,"NV",100,NA,NA,"TITUS, Alice (Dina)","T000468",1950,NA,-0.3,-0.168,-75.97151,0.92548,981,34,NA,-0.295,0.076
242,118,"House",21196,65,2,"NV",200,NA,NA,"AMODEI, Mark E.","A000369",1958,NA,0.385,0.209,-124.94913,0.88363,1010,58,NA,0.425,0.294
243,118,"House",21339,65,4,"NV",100,NA,NA,"HORSFORD, Steven","H001066",1973,NA,-0.326,0.14,-80.92874,0.92181,994,34,NA,-0.264,0.132
244,118,"House",21938,65,3,"NV",100,NA,NA,"LEE, Susie","L000590",1966,NA,-0.234,0.314,-97.88805,0.90485,979,41,NA,-0.199,0.236
245,118,"House",21340,4,2,"NH",100,NA,NA,"KUSTER, Ann McLane","K000382",1956,NA,-0.263,-0.083,-49.06376,0.95043,965,20,NA,-0.318,0.079
246,118,"House",21951,4,1,"NH",100,NA,NA,"PAPPAS, Chris","P000614",1980,NA,-0.237,0.336,-90.26764,0.91475,1013,37,NA,-0.213,0.334
247,118,"House",14863,12,4,"NJ",200,NA,NA,"SMITH, Christopher Henry","S000522",1953,NA,0.18,-0.174,-266.97738,0.76569,1000,128,NA,0.302,-0.027
248,118,"House",15454,12,6,"NJ",100,NA,NA,"PALLONE, Frank, Jr.","P000034",1951,NA,-0.402,-0.165,-85.87263,0.91918,1019,30,NA,-0.319,-0.185
249,118,"House",21536,12,1,"NJ",100,NA,NA,"NORCROSS, Donald","N000188",1958,NA,-0.42,0.339,-41.9235,0.95731,961,18,NA,-0.39,0.368
250,118,"House",21538,12,12,"NJ",100,NA,NA,"WATSON COLEMAN, Bonnie","W000822",1945,NA,-0.597,-0.224,-44.19554,0.95171,893,24,NA,-0.484,-0.405
251,118,"House",21723,12,5,"NJ",100,NA,NA,"GOTTHEIMER, Josh S.","G000583",1975,NA,-0.16,0.217,-99.87865,0.90235,972,28,NA,-0.205,0.219
252,118,"House",21937,12,3,"NJ",100,NA,NA,"KIM, Andy","K000394",1982,NA,-0.337,0.159,-70.79187,0.92655,928,28,NA,-0.435,-0.08
253,118,"House",21964,12,11,"NJ",100,NA,NA,"SHERRILL, Mikie","S001207",1972,NA,-0.233,0.263,-70.89591,0.92966,972,28,NA,-0.295,0.298
254,118,"House",22334,12,7,"NJ",200,NA,NA,"KEAN, Thomas","K000398",1968,NA,0.193,0.374,-90.64865,0.91456,1015,31,NA,0.196,0.373
255,118,"House",22348,12,8,"NJ",100,NA,NA,"MENENDEZ, Robert","M001226",1985,NA,-0.487,0.268,-47.02911,0.95442,1008,20,NA,-0.487,0.267
256,118,"House",29741,12,9,"NJ",100,NA,NA,"PASCRELL, William J., Jr.","P000096",1937,NA,-0.369,-0.004,-46.29041,0.95239,949,16,NA,-0.498,0.212
257,118,"House",31103,12,10,"NJ",100,NA,NA,"PAYNE, Donald, Jr.","P000604",1958,NA,-0.52,-0.096,-21.28424,0.97001,699,7,NA,-0.534,0.035
258,118,"House",91980,12,2,"NJ",200,NA,NA,"VAN DREW, Jefferson","V000133",1953,NA,0.382,-0.456,-152.01451,0.86078,1014,46,NA,0.451,-0.306
259,118,"House",22131,66,3,"NM",100,NA,NA,"LEGER FERNANDEZ, Teresa","L000273",1959,NA,-0.348,-0.183,-56.82108,0.94422,990,20,NA,-0.337,-0.175
260,118,"House",22159,66,1,"NM",100,NA,NA,"STANSBURY, Melanie Ann","S001218",1979,NA,-0.454,-0.18,-44.06738,0.95676,997,18,NA,-0.453,-0.166
261,118,"House",22371,66,2,"NM",100,NA,NA,"VASQUEZ, Gabriel","V000136",1984,NA,-0.301,0.485,-104.62793,0.90233,1018,40,NA,-0.302,0.491
262,118,"House",20519,13,26,"NY",100,NA,NA,"HIGGINS, Brian","H001038",1959,NA,-0.348,-0.032,-37.78669,0.94548,674,17,NA,-0.333,-0.035
263,118,"House",20733,13,9,"NY",100,NA,NA,"CLARKE, Yvette Diane","C001067",1964,NA,-0.607,-0.252,-43.86858,0.95758,1012,22,NA,-0.513,-0.441
264,118,"House",20934,13,20,"NY",100,NA,NA,"TONKO, Paul","T000469",1949,NA,-0.414,-0.265,-50.36603,0.95164,1016,17,NA,-0.342,-0.311
265,118,"House",21342,13,6,"NY",100,NA,NA,"MENG, Grace","M001188",1975,NA,-0.371,-0.213,-55.34062,0.94526,983,23,NA,-0.324,-0.265
266,118,"House",21343,13,8,"NY",100,NA,NA,"JEFFRIES, Hakeem","J000294",1970,NA,-0.486,-0.066,-33.81229,0.9672,1014,12,NA,-0.478,0.074
267,118,"House",21541,13,21,"NY",200,NA,NA,"STEFANIK, Elise M","S001196",1984,NA,0.305,-0.117,-175.93458,0.84028,1011,73,NA,0.488,0.252
268,118,"House",21715,13,13,"NY",100,NA,NA,"ESPAILLAT, Adriano J.","E000297",1954,NA,-0.542,-0.199,-69.81685,0.93308,1008,32,NA,-0.364,-0.291
269,118,"House",21747,13,3,"NY",100,NA,NA,"SUOZZI, Thomas","S001201",1962,NA,-0.222,0.116,-23.4916,0.92747,312,6,NA,-0.265,0.351
270,118,"House",21749,13,24,"NY",200,NA,NA,"TENNEY, Claudia","T000478",1961,NA,0.461,0.011,-135.72496,0.87472,1014,63,NA,0.478,0.04
271,118,"House",21761,13,25,"NY",100,NA,NA,"MORELLE, Joseph D.","M001206",1957,NA,-0.338,0.174,-53.95295,0.94696,990,24,NA,-0.325,0.162
272,118,"House",21949,13,14,"NY",100,NA,NA,"OCASIO-CORTEZ, Alexandria","O000172",1989,NA,-0.312,-0.95,-51.57371,0.94929,991,18,NA,-0.739,-0.674
273,118,"House",22105,13,16,"NY",100,NA,NA,"BOWMAN, Jamaal","B001223",1976,NA,-0.357,-0.934,-48.11024,0.94856,911,16,NA,-0.739,-0.674
274,118,"House",22117,13,2,"NY",200,NA,NA,"GARBARINO, Andrew R.","G000597",1984,NA,0.244,0.236,-90.35601,0.9099,957,33,NA,0.225,0.274
275,118,"House",22133,13,11,"NY",200,NA,NA,"MALLIOTAKIS, Nicole","M000317",1980,NA,0.339,-0.083,-165.60069,0.84738,1000,63,NA,0.367,-0.055
276,118,"House",22154,13,15,"NY",100,NA,NA,"TORRES, Ritchie","T000486",1988,NA,-0.321,-0.11,-87.09155,0.91587,991,44,NA,-0.313,0.006
277,118,"House",22169,13,18,"NY",100,NA,NA,"RYAN, Patrick","R000579",1982,NA,-0.235,0.258,-77.97402,0.92619,1017,29,NA,-0.232,0.256
278,118,"House",22313,13,4,"NY",200,NA,NA,"D'ESPOSITO, Anthony","D000632",1982,NA,0.239,0.187,-121.46771,0.88343,980,46,NA,0.24,0.184
279,118,"House",22324,13,10,"NY",100,NA,NA,"GOLDMAN, Daniel","G000599",1976,NA,-0.427,0.122,-48.42586,0.95096,963,20,NA,-0.427,0.12
280,118,"House",22337,13,1,"NY",200,NA,NA,"LALOTA, Nicholas","L000598",1978,NA,0.253,0.093,-173.94652,0.84236,1014,67,NA,0.254,0.087
281,118,"House",22339,13,23,"NY",200,NA,NA,"LANGWORTHY, Nick","L000600",1981,NA,0.417,-0.07,-129.78224,0.87525,974,59,NA,0.418,-0.067
282,118,"House",22340,13,17,"NY",200,NA,NA,"LAWLER, Michael","L000599",1986,NA,0.186,0.251,-111.06554,0.89616,1013,33,NA,0.187,0.244
283,118,"House",22351,13,19,"NY",200,NA,NA,"MOLINARO, Marcus","M001221",1975,NA,0.249,0.101,-159.59074,0.85042,985,71,NA,0.248,0.118
284,118,"House",22362,13,3,"NY",200,NA,NA,"SANTOS, George","S001222",1988,NA,0.473,-0.421,-117.88222,0.81608,580,47,NA,0.473,-0.42
285,118,"House",22372,13,22,"NY",200,NA,NA,"WILLIAMS, Brandon","W000828",1967,NA,0.314,0.11,-143.36135,0.85993,950,76,NA,0.326,0.098
286,118,"House",22377,13,26,"NY",100,NA,NA,"KENNEDY, Timothy M.","K000402",NA,NA,-0.353,0.257,-10.05316,0.95326,210,3,NA,-0.345,0.243
287,118,"House",29377,13,12,"NY",100,NA,NA,"NADLER, Jerrold Lewis","N000002",1947,NA,-0.507,-0.477,-45.70134,0.95471,986,19,NA,-0.447,-0.367
288,118,"House",29378,13,7,"NY",100,NA,NA,"VELÁZQUEZ, Nydia M.","V000081",1953,NA,-0.546,-0.362,-40.1641,0.96004,985,18,NA,-0.448,-0.582
289,118,"House",29776,13,5,"NY",100,NA,NA,"MEEKS, Gregory W.","M001137",1953,NA,-0.415,-0.063,-45.27722,0.95578,1001,16,NA,-0.508,0.19
290,118,"House",20521,47,5,"NC",200,NA,NA,"FOXX, Virginia Ann","F000450",1943,NA,0.624,0.176,-147.09008,0.86485,1013,59,NA,0.604,0.243
291,118,"House",20522,47,10,"NC",200,NA,NA,"McHENRY, Patrick T.","M001156",1975,NA,0.524,0.154,-139.25881,0.85034,859,64,NA,0.494,0.185
292,118,"House",21346,47,9,"NC",200,NA,NA,"HUDSON, Richard","H001067",1971,NA,0.523,0.209,-145.96483,0.86214,984,55,NA,0.493,0.217
293,118,"House",21544,47,7,"NC",200,NA,NA,"ROUZER, David","R000603",1972,NA,0.566,0.286,-100.17314,0.9062,1017,38,NA,0.656,0.612
294,118,"House",21545,47,12,"NC",100,NA,NA,"ADAMS, Alma","A000370",1946,NA,-0.463,-0.002,-35.74059,0.96496,1002,13,NA,-0.45,-0.094
295,118,"House",21986,47,8,"NC",200,NA,NA,"BISHOP, Dan","B001311",1964,NA,0.702,-0.386,-96.29694,0.90427,957,36,NA,0.672,-0.501
296,118,"House",21987,47,3,"NC",200,NA,NA,"MURPHY, Gregory Francis","M001210",1963,NA,0.485,0.122,-134.13085,0.85863,880,61,NA,0.492,0.21
297,118,"House",22135,47,6,"NC",100,NA,NA,"MANNING, Kathy E.","M001135",1956,NA,-0.273,0.343,-67.29044,0.93585,1015,24,NA,-0.275,0.398
298,118,"House",22149,47,2,"NC",100,NA,NA,"ROSS, Deborah K.","R000305",1963,NA,-0.4,0.046,-39.1211,0.96163,1000,19,NA,-0.394,-0.052
299,118,"House",22314,47,1,"NC",100,NA,NA,"DAVIS, Don","D000230",1971,NA,-0.273,0.932,-120.60024,0.88432,981,52,NA,-0.279,0.938
300,118,"House",22318,47,11,"NC",200,NA,NA,"EDWARDS, Chuck","E000246",1960,NA,0.372,0.446,-159.65947,0.85405,1012,43,NA,0.37,0.393
301,118,"House",22320,47,4,"NC",100,NA,NA,"FOUSHEE, Valerie","F000477",1956,NA,-0.52,-0.247,-32.93115,0.96735,992,11,NA,-0.521,-0.245
302,118,"House",22331,47,14,"NC",100,NA,NA,"JACKSON, Jeff","J000308",1982,NA,-0.266,0.171,-66.32493,0.93632,1008,28,NA,-0.264,0.169
303,118,"House",22355,47,13,"NC",100,NA,NA,"NICKEL, Wiley","N000194",1975,NA,-0.241,0.279,-75.05697,0.92677,987,27,NA,-0.242,0.285
304,118,"House",21901,36,1,"ND",200,NA,NA,"ARMSTRONG, Kelly","A000377",1976,NA,0.449,0.063,-153.71035,0.85699,996,71,NA,0.415,0.077
305,118,"House",21996,95,0,"MP",100,NA,NA,"SABLAN, Gregorio Kilili Camacho","S001177",1955,NA,-0.419,-0.252,-15.97769,0.96187,411,6,NA,-0.38,-0.357
306,118,"House",15029,24,9,"OH",100,NA,NA,"KAPTUR, Marcia Carolyn (Marcy)","K000009",1946,NA,-0.347,0.122,-117.3869,0.88903,998,49,NA,-0.287,0.281
307,118,"House",20342,24,10,"OH",200,NA,NA,"TURNER, Michael R.","T000463",1960,NA,0.267,0.253,-118.72297,0.88217,947,44,NA,0.242,0.527
308,118,"House",20738,24,4,"OH",200,NA,NA,"JORDAN, Jim","J000289",1964,NA,0.716,-0.197,-69.06026,0.93359,1005,28,NA,0.68,-0.224
309,118,"House",20755,24,5,"OH",200,NA,NA,"LATTA, Robert E.","L000566",1956,NA,0.508,0.285,-102.80561,0.90421,1021,35,NA,0.482,0.254
310,118,"House",21162,24,6,"OH",200,NA,NA,"JOHNSON, Bill","J000292",1954,NA,0.436,0.235,-78.83363,0.88725,659,36,NA,0.535,0.435
311,118,"House",21351,24,2,"OH",200,NA,NA,"WENSTRUP, Brad","W000815",1958,NA,0.528,0.288,-102.36102,0.90434,1018,38,NA,0.542,0.401
312,118,"House",21352,24,3,"OH",100,NA,NA,"BEATTY, Joyce","B001281",1950,NA,-0.435,0.014,-36.81076,0.9635,990,16,NA,-0.438,-0.149
313,118,"House",21353,24,14,"OH",200,NA,NA,"JOYCE, David","J000295",1957,NA,0.251,0.316,-93.95496,0.9044,935,30,NA,0.244,0.454
314,118,"House",21564,24,8,"OH",200,NA,NA,"DAVIDSON, Warren","D000626",1970,NA,0.658,-0.369,-143.60906,0.86647,1002,58,NA,0.621,-0.442
315,118,"House",21759,24,12,"OH",200,NA,NA,"BALDERSON, Troy","B001306",1962,NA,0.459,0.202,-109.0244,0.89863,1020,38,NA,0.516,0.278
316,118,"House",22161,24,11,"OH",100,NA,NA,"BROWN, Shontel  M.","B001313",1975,NA,-0.458,-0.119,-31.26665,0.96969,1016,11,NA,-0.458,-0.137
317,118,"House",22162,24,15,"OH",200,NA,NA,"CAREY, Mike","C001126",1971,NA,0.407,-0.006,-164.68911,0.8505,1017,82,NA,0.419,-0.026
318,118,"House",22338,24,1,"OH",100,NA,NA,"LANDSMAN, Greg","L000601",1976,NA,-0.209,0.199,-77.85154,0.92318,974,27,NA,-0.207,0.198
319,118,"House",22349,24,7,"OH",200,NA,NA,"MILLER, Max","M001222",1988,NA,0.388,0.047,-158.72327,0.84934,972,83,NA,0.383,0.048
320,118,"House",22367,24,13,"OH",100,NA,NA,"SYKES, Emilia","S001223",1986,NA,-0.332,0.138,-56.05916,0.94506,992,27,NA,-0.33,0.135
321,118,"House",22379,24,6,"OH",200,NA,NA,"RULLI, Michael A.","R000619",NA,NA,0.394,-0.155,-29.7357,0.77215,115,19,NA,0.943,0.333
322,118,"House",20344,53,4,"OK",200,NA,NA,"COLE, Tom","C001053",1949,NA,0.323,0.412,-84.36462,0.91871,995,25,NA,0.332,0.718
323,118,"House",21760,53,1,"OK",200,NA,NA,"HERN, Kevin","H001082",1961,NA,0.683,-0.07,-74.98858,0.92878,1015,27,NA,0.651,-0.125
324,118,"House",22102,53,5,"OK",200,NA,NA,"BICE, Stephanie I.","B000740",1973,NA,0.412,0.323,-124.92751,0.88441,1017,60,NA,0.406,0.238
325,118,"House",22303,53,2,"OK",200,NA,NA,"BRECHEEN, Josh","B001317",1979,NA,0.829,-0.482,-67.91335,0.93491,1009,32,NA,0.826,-0.479
326,118,"House",29393,53,3,"OK",200,NA,NA,"LUCAS, Frank D.","L000491",1960,NA,0.361,0.452,-80.04546,0.92141,978,27,NA,0.379,0.879
327,118,"House",21198,72,1,"OR",100,NA,NA,"BONAMICI, Suzanne","B001278",1954,NA,-0.397,-0.418,-41.67284,0.95752,960,12,NA,-0.439,-0.425
328,118,"House",22101,72,2,"OR",200,NA,NA,"BENTZ, Cliff","B000668",1952,NA,0.478,0.256,-113.03945,0.89461,1015,40,NA,0.477,0.234
329,118,"House",22308,72,5,"OR",200,NA,NA,"CHAVEZ-DEREMER, Lori","C001135",1968,NA,0.165,0.43,-108.62256,0.8987,1017,39,NA,0.169,0.427
330,118,"House",22327,72,4,"OR",100,NA,NA,"HOYLE, Val","H001094",1964,NA,-0.227,-0.384,-67.97717,0.93371,991,27,NA,-0.225,-0.389
331,118,"House",22361,72,6,"OR",100,NA,NA,"SALINAS, Andrea","S001226",1969,NA,-0.207,-0.197,-64.72414,0.93787,1009,29,NA,-0.206,-0.196
332,118,"House",29588,72,3,"OR",100,NA,NA,"BLUMENAUER, Earl","B000574",1948,NA,-0.426,-0.628,-51.08191,0.94749,947,23,NA,-0.468,-0.412
333,118,"House",20946,14,15,"PA",200,NA,NA,"THOMPSON, Glenn","T000467",1959,NA,0.335,0.334,-156.62022,0.85701,1015,63,NA,0.363,0.264
334,118,"House",21167,14,16,"PA",200,NA,NA,"KELLY, Mike","K000376",1948,NA,0.378,0.398,-112.80621,0.88413,916,38,NA,0.446,0.711
335,118,"House",21356,14,10,"PA",200,NA,NA,"PERRY, Scott","P000605",1962,NA,0.68,-0.476,-84.65582,0.91788,988,35,NA,0.836,-0.538
336,118,"House",21358,14,8,"PA",100,NA,NA,"CARTWRIGHT, Matt","C001090",1961,NA,-0.347,0.026,-99.79941,0.90538,1004,40,NA,-0.303,0.263
337,118,"House",21548,14,2,"PA",100,NA,NA,"BOYLE, Brendan Francis","B001296",1977,NA,-0.39,0.159,-70.0474,0.93156,988,30,NA,-0.363,0.258
338,118,"House",21566,14,3,"PA",100,NA,NA,"EVANS, Dwight","E000296",1954,NA,-0.466,-0.155,-35.72887,0.95517,779,15,NA,-0.474,-0.266
339,118,"House",21718,14,1,"PA",200,NA,NA,"FITZPATRICK, Brian K.","F000466",1973,NA,0.137,-0.099,-235.11499,0.79395,1019,110,NA,0.103,-0.013
340,118,"House",21745,14,11,"PA",200,NA,NA,"SMUCKER, Lloyd K.","S001199",1964,NA,0.452,0.13,-148.72076,0.86358,1014,58,NA,0.455,0.084
341,118,"House",21762,14,5,"PA",100,NA,NA,"SCANLON, Mary Gay","S001205",1959,NA,-0.436,-0.212,-40.08547,0.95944,968,18,NA,-0.441,-0.338
342,118,"House",21763,14,7,"PA",100,NA,NA,"WILD, Susan","W000826",1957,NA,-0.26,0.302,-99.17453,0.90413,984,46,NA,-0.25,0.255
343,118,"House",21915,14,4,"PA",100,NA,NA,"DEAN, Madeleine","D000631",1959,NA,-0.435,-0.08,-38.8926,0.96211,1007,18,NA,-0.419,-0.13
344,118,"House",21934,14,6,"PA",100,NA,NA,"HOULAHAN, Christina","H001085",1967,NA,-0.259,0.242,-99.9421,0.90453,996,39,NA,-0.237,0.071
345,118,"House",21936,14,13,"PA",200,NA,NA,"JOYCE, John","J000302",1957,NA,0.573,-0.015,-120.99507,0.88804,1019,49,NA,0.572,-0.056
346,118,"House",21945,14,9,"PA",200,NA,NA,"MEUSER, Dan","M001204",1964,NA,0.493,0.189,-129.36871,0.87727,988,57,NA,0.464,0.122
347,118,"House",21956,14,14,"PA",200,NA,NA,"RESCHENTHALER, Guy","R000610",1983,NA,0.444,0.053,-133.87355,0.87632,1014,62,NA,0.556,0.135
348,118,"House",22316,14,17,"PA",100,NA,NA,"DELUZIO, Chris","D000530",1984,NA,-0.239,-0.148,-100.53643,0.90561,1014,37,NA,-0.238,-0.147
349,118,"House",22342,14,12,"PA",100,NA,NA,"LEE, Summer","L000602",1987,NA,-0.414,-0.91,-42.36961,0.95935,1021,12,NA,-0.739,-0.674
350,118,"House",21992,92,0,"PR",200,NA,NA,"GONZÁLEZ-CÓLON, Jenniffer","G000582",1976,NA,0.221,0.456,-79.24304,0.81133,379,40,NA,0.225,0.522
351,118,"House",21172,5,1,"RI",100,NA,NA,"CICILLINE, David N.","C001084",1961,NA,-0.389,-0.262,-7.12944,0.96614,207,1,NA,-0.45,0.016
352,118,"House",22345,5,2,"RI",100,NA,NA,"MAGAZINER, Seth","M001223",1983,NA,-0.346,0.26,-45.82523,0.95131,918,21,NA,-0.345,0.261
353,118,"House",22375,5,1,"RI",100,NA,NA,"AMO, Gabe","A000380",1987,NA,-0.523,0.063,-21.07126,0.9525,433,7,NA,-0.523,0.06
354,118,"House",20138,48,2,"SC",200,NA,NA,"WILSON, Addison Graves (Joe)","W000795",1947,NA,0.53,0.162,-135.94006,0.8736,1006,62,NA,0.599,0.396
355,118,"House",21174,48,3,"SC",200,NA,NA,"DUNCAN, Jeff","D000615",1966,NA,0.697,-0.098,-84.95218,0.91963,1014,33,NA,0.66,-0.186
356,118,"House",21753,48,5,"SC",200,NA,NA,"NORMAN, Ralph","N000190",1953,NA,0.847,-0.378,-88.94653,0.91481,999,38,NA,0.807,-0.433
357,118,"House",21974,48,4,"SC",200,NA,NA,"TIMMONS, William","T000480",1984,NA,0.598,0.058,-90.76588,0.91462,1017,35,NA,0.629,-0.045
358,118,"House",22132,48,1,"SC",200,NA,NA,"MACE, Nancy","M000194",1977,NA,0.336,-0.283,-287.55921,0.74436,974,159,NA,0.3,-0.346
359,118,"House",22322,48,7,"SC",200,NA,NA,"FRY, Russell","F000478",1985,NA,0.514,-0.285,-121.05223,0.88757,1015,47,NA,0.528,-0.299
360,118,"House",39301,48,6,"SC",100,NA,NA,"CLYBURN, James Enos","C000537",1940,NA,-0.466,0.247,-41.58579,0.9597,1011,12,NA,-0.573,0.207
361,118,"House",21935,37,1,"SD",200,NA,NA,"JOHNSON, Dustin","J000301",1976,NA,0.465,0.135,-106.79319,0.89985,1012,40,NA,0.504,0.181
362,118,"House",20748,54,9,"TN",100,NA,NA,"COHEN, Stephen","C001068",1949,NA,-0.392,-0.295,-91.08915,0.91063,973,34,NA,-0.34,-0.026
363,118,"House",21178,54,3,"TN",200,NA,NA,"FLEISCHMANN, Chuck","F000459",1962,NA,0.432,0.391,-166.22513,0.84948,1019,70,NA,0.335,0.302
364,118,"House",21179,54,4,"TN",200,NA,NA,"DESJARLAIS, Scott","D000616",1964,NA,0.58,-0.053,-108.93921,0.89649,997,52,NA,0.619,0.025
365,118,"House",21731,54,8,"TN",200,NA,NA,"KUSTOFF, David","K000392",1966,NA,0.541,0.345,-143.53474,0.86617,999,60,NA,0.584,0.513
366,118,"House",21905,54,2,"TN",200,NA,NA,"BURCHETT, Timothy","B001309",1964,NA,0.664,-0.405,-120.28312,0.88866,1019,46,NA,0.678,-0.559
367,118,"House",21926,54,7,"TN",200,NA,NA,"GREEN, Mark","G000590",1964,NA,0.669,0.01,-77.78306,0.9205,939,33,NA,0.644,-0.016
368,118,"House",21959,54,6,"TN",200,NA,NA,"ROSE, John","R000612",1965,NA,0.667,0.109,-116.57893,0.89078,1008,55,NA,0.62,0.113
369,118,"House",22122,54,1,"TN",200,NA,NA,"HARSHBARGER, Diana","H001086",1960,NA,0.671,-0.084,-93.81956,0.91196,1018,37,NA,0.688,-0.174
370,118,"House",22357,54,5,"TN",200,NA,NA,"OGLES, Andy","O000175",1971,NA,0.794,-0.388,-68.88264,0.93292,992,33,NA,0.789,-0.39
371,118,"House",20355,49,26,"TX",200,NA,NA,"BURGESS, Michael C.","B001248",1950,NA,0.565,-0.165,-178.00575,0.83724,1002,76,NA,0.5,-0.136
372,118,"House",20356,49,31,"TX",200,NA,NA,"CARTER, John R.","C001051",1941,NA,0.486,0.554,-131.05857,0.8606,873,58,NA,0.439,0.304
373,118,"House",20529,49,9,"TX",100,NA,NA,"GREEN, Al","G000553",1947,NA,-0.443,0.267,-101.73004,0.90244,991,33,NA,-0.516,-0.143
374,118,"House",20530,49,10,"TX",200,NA,NA,"McCAUL, Michael T.","M001157",1962,NA,0.412,0.172,-155.45731,0.85454,989,64,NA,0.401,0.265
375,118,"House",20533,49,28,"TX",100,NA,NA,"CUELLAR, Henry","C001063",1955,NA,-0.226,0.627,-171.7961,0.84172,997,84,NA,-0.196,0.664
376,118,"House",21360,49,14,"TX",200,NA,NA,"WEBER, Randy","W000814",1953,NA,0.726,0.011,-74.70984,0.92808,1001,29,NA,0.673,-0.056
377,118,"House",21362,49,20,"TX",100,NA,NA,"CASTRO, Joaquin","C001091",1974,NA,-0.398,-0.121,-61.08875,0.93473,905,30,NA,-0.393,-0.476
378,118,"House",21364,49,25,"TX",200,NA,NA,"WILLIAMS, Roger","W000816",1949,NA,0.596,0.05,-78.99208,0.91997,947,20,NA,0.644,-0.037
379,118,"House",21365,49,33,"TX",100,NA,NA,"VEASEY, Marc","V000131",1971,NA,-0.406,0.347,-117.92439,0.8898,1010,45,NA,-0.522,0.853
380,118,"House",21551,49,36,"TX",200,NA,NA,"BABIN, Brian","B001291",1948,NA,0.712,0.1,-70.36227,0.93146,991,27,NA,0.721,0.136
381,118,"House",21700,49,19,"TX",200,NA,NA,"ARRINGTON, Jodey Cook","A000375",1972,NA,0.641,0.003,-128.68633,0.87552,968,46,NA,0.599,0.083
382,118,"House",21722,49,34,"TX",100,NA,NA,"GONZALEZ, Vicente Jr.","G000581",1967,NA,-0.387,0.809,-175.47138,0.83712,987,75,NA,-0.359,0.933
383,118,"House",21758,49,27,"TX",200,NA,NA,"CLOUD, Michael","C001115",1975,NA,0.683,-0.344,-76.38645,0.92702,1008,28,NA,0.696,-0.444
384,118,"House",21900,49,32,"TX",100,NA,NA,"ALLRED, Colin","A000376",1983,NA,-0.435,0.73,-95.95727,0.90962,1013,50,NA,-0.456,0.89
385,118,"House",21911,49,2,"TX",200,NA,NA,"CRENSHAW, Daniel","C001120",1984,NA,0.433,0.272,-144.72148,0.85603,931,64,NA,0.404,0.146
386,118,"House",21917,49,16,"TX",100,NA,NA,"ESCOBAR, Veronica","E000299",1969,NA,-0.479,-0.278,-40.86424,0.95895,975,19,NA,-0.514,-0.165
387,118,"House",21919,49,7,"TX",100,NA,NA,"FLETCHER, Elizabeth","F000468",1975,NA,-0.476,0.879,-134.12613,0.87483,1003,59,NA,-0.493,0.87
388,118,"House",21922,49,29,"TX",100,NA,NA,"GARCIA, Sylvia","G000587",1950,NA,-0.783,0.312,-62.64277,0.9382,982,24,NA,-0.495,-0.212
389,118,"House",21925,49,5,"TX",200,NA,NA,"GOODEN, Lance","G000589",1982,NA,0.726,-0.073,-103.65513,0.90228,1008,36,NA,0.612,-0.105
390,118,"House",21961,49,21,"TX",200,NA,NA,"ROY, Charles","R000614",1972,NA,0.8,-0.6,-85.75758,0.9179,1001,40,NA,0.81,-0.587
391,118,"House",22112,49,4,"TX",200,NA,NA,"FALLON, Pat","F000246",1967,NA,0.716,0.115,-76.80028,0.92593,998,35,NA,0.726,0.106
392,118,"House",22119,49,23,"TX",200,NA,NA,"GONZALES, Tony","G000594",1980,NA,0.339,0.246,-143.86805,0.85836,942,58,NA,0.344,0.254
393,118,"House",22125,49,13,"TX",200,NA,NA,"JACKSON, Ronny","J000304",1967,NA,0.778,0.148,-68.09212,0.9334,988,24,NA,0.783,0.143
394,118,"House",22143,49,22,"TX",200,NA,NA,"NEHLS, Troy E.","N000026",1968,NA,0.61,-0.248,-92.03545,0.90739,947,33,NA,0.581,-0.376
395,118,"House",22147,49,11,"TX",200,NA,NA,"PFLUGER, August","P000048",1977,NA,0.637,0.373,-104.21434,0.90251,1016,40,NA,0.59,0.3
396,118,"House",22155,49,24,"TX",200,NA,NA,"VAN DUYNE, Beth","V000134",1970,NA,0.603,0.014,-87.22113,0.91734,1011,34,NA,0.682,0.091
397,118,"House",22160,49,6,"TX",200,NA,NA,"ELLZEY, Jake","E000071",1970,NA,0.515,0.698,-148.38357,0.86424,1017,73,NA,0.558,0.83
398,118,"House",22307,49,35,"TX",100,NA,NA,"CASAR, Greg","C001131",1989,NA,-0.403,-0.868,-41.47017,0.95962,1006,16,NA,-0.402,-0.873
399,118,"House",22312,49,30,"TX",100,NA,NA,"CROCKETT, Jasmine","C001130",1981,NA,-0.493,-0.195,-42.50444,0.95764,982,14,NA,-0.492,-0.198
400,118,"House",22315,49,15,"TX",200,NA,NA,"DE LA CRUZ, Monica","D000594",1974,NA,0.467,0.132,-123.97298,0.88071,976,51,NA,0.454,0.143
401,118,"House",22328,49,38,"TX",200,NA,NA,"HUNT, Wesley","H001095",1981,NA,0.596,-0.28,-85.31069,0.90408,846,29,NA,0.602,-0.291
402,118,"House",22344,49,8,"TX",200,NA,NA,"LUTTRELL, Morgan","L000603",1975,NA,0.615,0,-114.52775,0.89168,999,51,NA,0.626,-0.015
403,118,"House",22352,49,1,"TX",200,NA,NA,"MORAN, Nathaniel","M001224",1974,NA,0.582,0.594,-148.3643,0.86364,1012,78,NA,0.568,0.6
404,118,"House",22364,49,3,"TX",200,NA,NA,"SELF, Keith","S001224",1953,NA,0.814,-0.196,-90.5136,0.91452,1013,39,NA,0.815,-0.182
405,118,"House",29571,49,37,"TX",100,NA,NA,"DOGGETT, Lloyd Alton, II","D000399",1946,NA,-0.402,-0.329,-66.34757,0.93518,990,26,NA,-0.393,-0.453
406,118,"House",29573,49,18,"TX",100,NA,NA,"JACKSON LEE, Sheila","J000032",1950,NA,-0.459,0.121,-34.65994,0.94387,600,15,NA,-0.389,-0.085
407,118,"House",29759,49,17,"TX",200,NA,NA,"SESSIONS, Pete","S000250",1955,NA,0.585,0.169,-140.16591,0.86481,965,57,NA,0.544,0.199
408,118,"House",29762,49,12,"TX",200,NA,NA,"GRANGER, Kay","G000377",1943,NA,0.403,0.243,-118.94268,0.86899,847,54,NA,0.457,0.463
409,118,"House",21367,67,2,"UT",200,NA,NA,"STEWART, Chris","S001192",1960,NA,0.499,0.167,-20.09721,0.94194,336,9,NA,0.437,0.141
410,118,"House",21755,67,3,"UT",200,NA,NA,"CURTIS, John R.","C001114",1960,NA,0.446,0.135,-185.40155,0.82731,978,101,NA,0.382,0.03
411,118,"House",22141,67,1,"UT",200,NA,NA,"MOORE, Blake D.","M001213",1980,NA,0.366,0.329,-153.0213,0.85902,1007,56,NA,0.382,0.366
412,118,"House",22146,67,4,"UT",200,NA,NA,"OWENS, Burgess","O000086",1951,NA,0.452,0.161,-169.21625,0.84644,1015,99,NA,0.436,0.115
413,118,"House",22376,67,2,"UT",200,NA,NA,"MALOY, Celeste","M001228",1981,NA,0.424,0.073,-55.96263,0.87004,402,32,NA,0.419,0.032
414,118,"House",22301,6,1,"VT",100,NA,NA,"BALINT, Becca","B001318",1968,NA,-0.454,-0.486,-35.47937,0.96525,1003,10,NA,-0.453,-0.488
415,118,"House",21994,96,0,"VI",100,NA,NA,"PLASKETT, Stacey E.","P000610",1966,NA,-0.447,0.505,-37.49568,0.92516,482,17,NA,-0.496,0.652
416,118,"House",20756,40,1,"VA",200,NA,NA,"WITTMAN, Robert J.","W000804",1959,NA,0.448,0.019,-130.68154,0.87875,1011,61,NA,0.537,0.25
417,118,"House",20952,40,11,"VA",100,NA,NA,"CONNOLLY, Gerald E. (Gerry)","C001078",1950,NA,-0.308,-0.043,-75.18564,0.92743,998,31,NA,-0.347,-0.211
418,118,"House",21191,40,9,"VA",200,NA,NA,"GRIFFITH, H. Morgan","G000568",1958,NA,0.514,-0.351,-238.69848,0.77637,943,107,NA,0.45,-0.283
419,118,"House",21554,40,8,"VA",100,NA,NA,"BEYER, Donald Sternoff Jr.","B001292",1950,NA,-0.389,-0.098,-73.3304,0.92916,998,30,NA,-0.403,-0.214
420,118,"House",21908,40,6,"VA",200,NA,NA,"CLINE, Benjamin","C001118",1972,NA,0.715,-0.214,-73.85291,0.93002,1018,27,NA,0.727,-0.248
421,118,"House",21966,40,7,"VA",100,NA,NA,"SPANBERGER, Abigail","S001209",1979,NA,-0.197,0.329,-99.69817,0.90618,1012,33,NA,-0.261,0.288
422,118,"House",21983,40,10,"VA",100,NA,NA,"WEXTON, Jennifer","W000825",1968,NA,-0.385,0.302,-40.39963,0.95548,887,13,NA,-0.427,0.174
423,118,"House",22120,40,5,"VA",200,NA,NA,"GOOD, Bob","G000595",1965,NA,0.8,-0.6,-75.78191,0.92681,997,34,NA,0.769,-0.639
424,118,"House",22335,40,2,"VA",200,NA,NA,"KIGGANS, Jennifer","K000399",1971,NA,0.258,0.43,-104.58902,0.90051,998,34,NA,0.258,0.421
425,118,"House",22374,40,4,"VA",100,NA,NA,"MCCLELLAN, Jennifer","M001227",1972,NA,-0.545,0.038,-37.20416,0.95883,885,16,NA,-0.545,0.041
426,118,"House",39307,40,3,"VA",100,NA,NA,"SCOTT, Robert C.","S000185",1947,NA,-0.45,-0.002,-74.42151,0.9295,1018,36,NA,-0.392,-0.331
427,118,"House",20145,73,2,"WA",100,NA,NA,"LARSEN, Richard Ray (Rick)","L000560",1965,NA,-0.364,0.166,-77.30649,0.9234,970,31,NA,-0.322,-0.157
428,118,"House",20535,73,5,"WA",200,NA,NA,"McMORRIS RODGERS, Cathy","M001159",1969,NA,0.436,0.097,-126.65963,0.88002,991,55,NA,0.558,0.299
429,118,"House",21368,73,6,"WA",100,NA,NA,"KILMER, Derek","K000381",1974,NA,-0.316,0.009,-40.9791,0.96024,1010,11,NA,-0.387,0.243
430,118,"House",21556,73,4,"WA",200,NA,NA,"NEWHOUSE, Daniel Milton","N000189",1955,NA,0.318,0.327,-100.45299,0.90229,977,42,NA,0.305,0.408
431,118,"House",21726,73,7,"WA",100,NA,NA,"JAYAPAL, Pramila","J000298",1965,NA,-0.629,-0.537,-43.18217,0.95757,996,25,NA,-0.465,-0.782
432,118,"House",21962,73,8,"WA",100,NA,NA,"SCHRIER, Kim","S001216",1968,NA,-0.283,0.429,-81.92804,0.92209,1010,32,NA,-0.255,0.386
433,118,"House",22153,73,10,"WA",100,NA,NA,"STRICKLAND, Marilyn","S001159",1962,NA,-0.448,0.398,-40.8313,0.96007,1002,16,NA,-0.461,0.405
434,118,"House",22358,73,3,"WA",100,NA,NA,"PEREZ, Marie Gluesenkamp","G000600",1988,NA,-0.081,0.262,-289.69199,0.75192,1016,110,NA,-0.09,0.294
435,118,"House",29768,73,9,"WA",100,NA,NA,"SMITH, Adam","S000510",1965,NA,-0.29,-0.162,-50.78942,0.95072,1005,18,NA,-0.531,0.093
436,118,"House",31101,73,1,"WA",100,NA,NA,"DelBENE, Suzan K.","D000617",1962,NA,-0.291,-0.201,-43.73638,0.95791,1017,17,NA,-0.36,-0.146
437,118,"House",21557,56,2,"WV",200,NA,NA,"MOONEY, Alex X.","M001195",1971,NA,0.568,-0.242,-72.50688,0.92453,924,25,NA,0.651,-0.329
438,118,"House",21946,56,1,"WV",200,NA,NA,"MILLER, Carol","M001205",1950,NA,0.524,0.109,-108.28861,0.89747,1001,51,NA,0.609,0.141
439,118,"House",20537,25,4,"WI",100,NA,NA,"MOORE, Gwendolynne S. (Gwen)","M001160",1951,NA,-0.521,-0.276,-53.05483,0.94607,957,21,NA,-0.425,-0.486
440,118,"House",21370,25,2,"WI",100,NA,NA,"POCAN, Mark","P000607",1964,NA,-0.524,-0.562,-37.10839,0.96266,975,16,NA,-0.443,-0.607
441,118,"House",21559,25,6,"WI",200,NA,NA,"GROTHMAN, Glenn","G000576",1955,NA,0.596,-0.198,-141.07284,0.86916,1006,72,NA,0.625,0.036
442,118,"House",21720,25,8,"WI",200,NA,NA,"GALLAGHER, Michael","G000579",1984,NA,0.437,0.033,-108.11404,0.8701,777,41,NA,0.508,0.193
443,118,"House",21970,25,1,"WI",200,NA,NA,"STEIL, Bryan","S001213",1981,NA,0.417,0.061,-116.26627,0.89167,1014,45,NA,0.441,0.164
444,118,"House",21989,25,7,"WI",200,NA,NA,"TIFFANY, Thomas P.","T000165",1957,NA,0.639,-0.248,-87.08229,0.91755,1012,33,NA,0.664,-0.286
445,118,"House",22115,25,5,"WI",200,NA,NA,"FITZGERALD, Scott","F000471",1963,NA,0.598,0.082,-94.70099,0.91092,1015,45,NA,0.579,-0.017
446,118,"House",22370,25,3,"WI",200,NA,NA,"VAN ORDEN, Derrick","V000135",1969,NA,0.376,-0.012,-184.91463,0.82994,992,83,NA,0.378,-0.02
447,118,"House",22325,68,1,"WY",200,NA,NA,"HAGEMAN, Harriet","H001096",1962,NA,0.664,-0.335,-80.13285,0.92307,1001,32,NA,0.658,-0.349
